{"cameraMode":{"drawMode":0,"name":"Shaded","section":"Shading Mode"},"sceneLighting":true,"audioPlay":false,"sceneViewState":{"showFog":true,"showMaterialUpdate":false,"showSkybox":true,"showFlares":true,"showImageEffects":true,"showParticleSystems":true},"in2DMode":false,"pivot":{"x":-10.860737800598145,"y":-14.725738525390625,"z":9.785876274108887},"rotation":{"x":-0.26753902435302737,"y":0.5200627446174622,"z":-0.17570306360721589,"w":-0.7918881177902222},"size":16.94948387145996,"orthographic":false}